{
  "muc": {
    "recall": 0.6861,
    "precision": 0.9004000000000001,
    "f1": 0.7787999999999999
  },
  "bcub": {
    "recall": 0.5249,
    "precision": 0.8839,
    "f1": 0.6587000000000001
  },
  "ceafm": {
    "recall": 0.5757,
    "precision": 0.5757,
    "f1": 0.5757
  },
  "ceafe": {
    "recall": 0.7843000000000001,
    "precision": 0.4182,
    "f1": 0.5455
  },
  "blanc": {
    "recall": 0.624,
    "precision": 0.8584999999999999,
    "f1": 0.669
  },
  "score": 0.639675
}