{
  "entity_level": {
    "micro": {
      "tp": 5364,
      "fp": 122,
      "fn": 139,
      "f1": 0.9762489762489763,
      "precision": 0.977761574917973,
      "recall": 0.9747410503361803,
      "support": 5503
    },
    "ORG": {
      "tp": 1716,
      "fp": 90,
      "fn": 108,
      "f1": 0.9454545454545454,
      "precision": 0.9501661129568106,
      "recall": 0.9407894736842105,
      "support": 1824
    },
    "LOC": {
      "tp": 1504,
      "fp": 24,
      "fn": 22,
      "f1": 0.9849377865094957,
      "precision": 0.9842931937172775,
      "recall": 0.9855832241153342,
      "support": 1526
    },
    "PER": {
      "tp": 2144,
      "fp": 8,
      "fn": 9,
      "f1": 0.9960511033681766,
      "precision": 0.9962825278810409,
      "recall": 0.9958197863446354,
      "support": 2153
    }
  },
  "token_level": {
    "micro": {
      "tp": 9718,
      "fp": 158,
      "fn": 235,
      "f1": 0.9801805436481921,
      "precision": 0.9840016200891049,
      "recall": 0.9763890284336381,
      "support": 9953
    },
    "B-LOC": {
      "tp": 1508,
      "fp": 20,
      "fn": 18,
      "f1": 0.9875573018991487,
      "precision": 0.9869109947643979,
      "recall": 0.9882044560943644,
      "support": 1526
    },
    "B-ORG": {
      "tp": 1755,
      "fp": 51,
      "fn": 69,
      "f1": 0.9669421487603306,
      "precision": 0.9717607973421927,
      "recall": 0.962171052631579,
      "support": 1824
    },
    "I-ORG": {
      "tp": 1706,
      "fp": 69,
      "fn": 129,
      "f1": 0.9451523545706371,
      "precision": 0.9611267605633803,
      "recall": 0.929700272479564,
      "support": 1835
    },
    "B-PER": {
      "tp": 2148,
      "fp": 4,
      "fn": 5,
      "f1": 0.9979094076655053,
      "precision": 0.9981412639405205,
      "recall": 0.997677659080353,
      "support": 2153
    },
    "I-PER": {
      "tp": 2163,
      "fp": 2,
      "fn": 5,
      "f1": 0.9983844911147012,
      "precision": 0.9990762124711317,
      "recall": 0.9976937269372693,
      "support": 2168
    },
    "I-LOC": {
      "tp": 438,
      "fp": 12,
      "fn": 9,
      "f1": 0.9765886287625419,
      "precision": 0.9733333333333334,
      "recall": 0.9798657718120806,
      "support": 447
    }
  }
}