{
  "ner": {
    "entity_level": {
      "micro": {
        "tp": 3481,
        "fp": 568,
        "fn": 489,
        "f1": 0.8681880533732386,
        "precision": 0.859718448999753,
        "recall": 0.8768261964735516,
        "support": 3970
      },
      "DATE": {
        "tp": 391,
        "fp": 105,
        "fn": 97,
        "f1": 0.7947154471544715,
        "precision": 0.7883064516129032,
        "recall": 0.8012295081967213,
        "support": 488
      },
      "LAW": {
        "tp": 4,
        "fp": 2,
        "fn": 1,
        "f1": 0.7272727272727272,
        "precision": 0.6666666666666666,
        "recall": 0.8,
        "support": 5
      },
      "CARDINAL": {
        "tp": 68,
        "fp": 37,
        "fn": 44,
        "f1": 0.6267281105990784,
        "precision": 0.6476190476190476,
        "recall": 0.6071428571428571,
        "support": 112
      },
      "QUANTITY": {
        "tp": 65,
        "fp": 35,
        "fn": 25,
        "f1": 0.6842105263157895,
        "precision": 0.65,
        "recall": 0.7222222222222222,
        "support": 90
      },
      "EVENT": {
        "tp": 15,
        "fp": 26,
        "fn": 18,
        "f1": 0.40540540540540543,
        "precision": 0.36585365853658536,
        "recall": 0.45454545454545453,
        "support": 33
      },
      "MONEY": {
        "tp": 141,
        "fp": 47,
        "fn": 31,
        "f1": 0.7833333333333332,
        "precision": 0.75,
        "recall": 0.8197674418604651,
        "support": 172
      },
      "ORDINAL": {
        "tp": 27,
        "fp": 7,
        "fn": 3,
        "f1": 0.84375,
        "precision": 0.7941176470588235,
        "recall": 0.9,
        "support": 30
      },
      "GPE": {
        "tp": 74,
        "fp": 15,
        "fn": 8,
        "f1": 0.8654970760233918,
        "precision": 0.8314606741573034,
        "recall": 0.9024390243902439,
        "support": 82
      },
      "PROFESSION": {
        "tp": 233,
        "fp": 41,
        "fn": 25,
        "f1": 0.8759398496240601,
        "precision": 0.8503649635036497,
        "recall": 0.9031007751937985,
        "support": 258
      },
      "COUNTRY": {
        "tp": 839,
        "fp": 43,
        "fn": 9,
        "f1": 0.9699421965317919,
        "precision": 0.9512471655328798,
        "recall": 0.9893867924528302,
        "support": 848
      },
      "CITY": {
        "tp": 46,
        "fp": 15,
        "fn": 1,
        "f1": 0.8518518518518519,
        "precision": 0.7540983606557377,
        "recall": 0.9787234042553191,
        "support": 47
      },
      "PERSON": {
        "tp": 327,
        "fp": 1,
        "fn": 2,
        "f1": 0.995433789954338,
        "precision": 0.9969512195121951,
        "recall": 0.993920972644377,
        "support": 329
      },
      "ORGANIZATION": {
        "tp": 961,
        "fp": 106,
        "fn": 70,
        "f1": 0.9161105815061963,
        "precision": 0.9006560449859419,
        "recall": 0.9321047526673133,
        "support": 1031
      },
      "PRODUCT": {
        "tp": 20,
        "fp": 4,
        "fn": 19,
        "f1": 0.6349206349206349,
        "precision": 0.8333333333333334,
        "recall": 0.5128205128205128,
        "support": 39
      },
      "FAC": {
        "tp": 64,
        "fp": 21,
        "fn": 28,
        "f1": 0.7231638418079096,
        "precision": 0.7529411764705882,
        "recall": 0.6956521739130435,
        "support": 92
      },
      "NORP": {
        "tp": 11,
        "fp": 7,
        "fn": 11,
        "f1": 0.55,
        "precision": 0.6111111111111112,
        "recall": 0.5,
        "support": 22
      },
      "PERCENT": {
        "tp": 110,
        "fp": 23,
        "fn": 15,
        "f1": 0.8527131782945736,
        "precision": 0.8270676691729323,
        "recall": 0.88,
        "support": 125
      },
      "GROUP": {
        "tp": 2,
        "fp": 10,
        "fn": 35,
        "f1": 0.0816326530612245,
        "precision": 0.16666666666666666,
        "recall": 0.05405405405405406,
        "support": 37
      },
      "FAMILY": {
        "tp": 0,
        "fp": 0,
        "fn": 2,
        "f1": 0.0,
        "precision": 0.0,
        "recall": 0.0,
        "support": 2
      },
      "CURRENCY": {
        "tp": 33,
        "fp": 14,
        "fn": 12,
        "f1": 0.7173913043478262,
        "precision": 0.7021276595744681,
        "recall": 0.7333333333333333,
        "support": 45
      },
      "LOCATION": {
        "tp": 12,
        "fp": 8,
        "fn": 8,
        "f1": 0.6,
        "precision": 0.6,
        "recall": 0.6,
        "support": 20
      },
      "REGION": {
        "tp": 35,
        "fp": 1,
        "fn": 17,
        "f1": 0.7954545454545455,
        "precision": 0.9722222222222222,
        "recall": 0.6730769230769231,
        "support": 52
      },
      "TIME": {
        "tp": 3,
        "fp": 0,
        "fn": 0,
        "f1": 1.0,
        "precision": 1.0,
        "recall": 1.0,
        "support": 3
      },
      "RELIGION": {
        "tp": 0,
        "fp": 0,
        "fn": 1,
        "f1": 0.0,
        "precision": 0.0,
        "recall": 0.0,
        "support": 1
      },
      "BOROUGH": {
        "tp": 0,
        "fp": 0,
        "fn": 1,
        "f1": 0.0,
        "precision": 0.0,
        "recall": 0.0,
        "support": 1
      },
      "NATIONALITY": {
        "tp": 0,
        "fp": 0,
        "fn": 5,
        "f1": 0.0,
        "precision": 0.0,
        "recall": 0.0,
        "support": 5
      },
      "STREET": {
        "tp": 0,
        "fp": 0,
        "fn": 1,
        "f1": 0.0,
        "precision": 0.0,
        "recall": 0.0,
        "support": 1
      }
    },
    "token_level": {
      "micro": {
        "tp": 6512,
        "fp": 723,
        "fn": 739,
        "f1": 0.899074968935524,
        "precision": 0.9000691085003455,
        "recall": 0.898083023031306,
        "support": 7251
      },
      "B-PERSON": {
        "tp": 327,
        "fp": 1,
        "fn": 2,
        "f1": 0.995433789954338,
        "precision": 0.9969512195121951,
        "recall": 0.993920972644377,
        "support": 329
      },
      "I-PERSON": {
        "tp": 222,
        "fp": 0,
        "fn": 0,
        "f1": 1.0,
        "precision": 1.0,
        "recall": 1.0,
        "support": 222
      },
      "B-PROFESSION": {
        "tp": 246,
        "fp": 28,
        "fn": 12,
        "f1": 0.924812030075188,
        "precision": 0.8978102189781022,
        "recall": 0.9534883720930233,
        "support": 258
      },
      "B-ORGANIZATION": {
        "tp": 982,
        "fp": 85,
        "fn": 49,
        "f1": 0.9361296472831268,
        "precision": 0.9203373945641987,
        "recall": 0.9524733268671193,
        "support": 1031
      },
      "I-ORGANIZATION": {
        "tp": 538,
        "fp": 43,
        "fn": 50,
        "f1": 0.9204448246364414,
        "precision": 0.9259896729776248,
        "recall": 0.9149659863945578,
        "support": 588
      },
      "I-PROFESSION": {
        "tp": 142,
        "fp": 8,
        "fn": 19,
        "f1": 0.9131832797427653,
        "precision": 0.9466666666666667,
        "recall": 0.8819875776397516,
        "support": 161
      },
      "B-DATE": {
        "tp": 402,
        "fp": 94,
        "fn": 86,
        "f1": 0.8170731707317073,
        "precision": 0.8104838709677419,
        "recall": 0.8237704918032787,
        "support": 488
      },
      "I-DATE": {
        "tp": 910,
        "fp": 87,
        "fn": 55,
        "f1": 0.927624872579001,
        "precision": 0.9127382146439318,
        "recall": 0.9430051813471503,
        "support": 965
      },
      "B-EVENT": {
        "tp": 22,
        "fp": 19,
        "fn": 11,
        "f1": 0.5945945945945946,
        "precision": 0.5365853658536586,
        "recall": 0.6666666666666666,
        "support": 33
      },
      "B-COUNTRY": {
        "tp": 842,
        "fp": 40,
        "fn": 6,
        "f1": 0.9734104046242774,
        "precision": 0.9546485260770975,