{
  "entity_level": {
    "micro": {
      "tp": 5136,
      "fp": 4388,
      "fn": 3321,
      "f1": 0.5712696735442966,
      "precision": 0.5392692146157076,
      "recall": 0.6073075558708761,
      "support": 8457
    },
    "QUA": {
      "tp": 341,
      "fp": 344,
      "fn": 156,
      "f1": 0.5769881556683587,
      "precision": 0.4978102189781022,
      "recall": 0.6861167002012073,
      "support": 497
    },
    "SOC": {
      "tp": 333,
      "fp": 469,
      "fn": 427,
      "f1": 0.4263764404609475,
      "precision": 0.415211970074813,
      "recall": 0.4381578947368421,
      "support": 760
    },
    "ECO": {
      "tp": 986,
      "fp": 848,
      "fn": 1023,
      "f1": 0.5131407754358575,
      "precision": 0.5376226826608506,
      "recall": 0.49079143852663015,
      "support": 2009
    },
    "MET": {
      "tp": 822,
      "fp": 646,
      "fn": 585,
      "f1": 0.5718260869565216,
      "precision": 0.5599455040871935,
      "recall": 0.5842217484008528,
      "support": 1407
    },
    "INST": {
      "tp": 247,
      "fp": 333,
      "fn": 144,
      "f1": 0.5087538619979404,
      "precision": 0.42586206896551726,
      "recall": 0.6317135549872123,
      "support": 391
    },
    "CMP": {
      "tp": 808,
      "fp": 234,
      "fn": 182,
      "f1": 0.795275590551181,
      "precision": 0.7754318618042226,
      "recall": 0.8161616161616162,
      "support": 990
    },
    "ACT": {
      "tp": 286,
      "fp": 489,
      "fn": 388,
      "f1": 0.3947550034506556,
      "precision": 0.3690322580645161,
      "recall": 0.42433234421364985,
      "support": 674
    },
    "BIN": {
      "tp": 1313,
      "fp": 1025,
      "fn": 416,
      "f1": 0.6456847799360708,
      "precision": 0.5615911035072711,
      "recall": 0.7593984962406015,
      "support": 1729
    }
  },
  "token_level": {
    "micro": {
      "tp": 13913,
      "fp": 8070,
      "fn": 7585,
      "f1": 0.639957682665992,
      "precision": 0.632898148569349,
      "recall": 0.6471764815331659,
      "support": 21498
    },
    "B-INST": {
      "tp": 306,
      "fp": 274,
      "fn": 85,
      "f1": 0.6302780638516994,
      "precision": 0.5275862068965518,
      "recall": 0.782608695652174,
      "support": 391
    },
    "B-ECO": {
      "tp": 1209,
      "fp": 625,
      "fn": 800,
      "f1": 0.6291959406713505,
      "precision": 0.6592148309705561,
      "recall": 0.6017919362867098,
      "support": 2009
    },
    "I-ECO": {
      "tp": 1945,
      "fp": 765,
      "fn": 1968,
      "f1": 0.5873471236599729,
      "precision": 0.7177121771217713,
      "recall": 0.4970610784564273,
      "support": 3913
    },
    "B-BIN": {
      "tp": 1340,
      "fp": 998,
      "fn": 389,
      "f1": 0.6589623801327761,
      "precision": 0.5731394354148845,
      "recall": 0.7750144592249856,
      "support": 1729
    },
    "B-ACT": {
      "tp": 391,
      "fp": 384,
      "fn": 283,
      "f1": 0.5396825396825397,
      "precision": 0.5045161290322581,
      "recall": 0.5801186943620178,
      "support": 674
    },
    "I-ACT": {
      "tp": 1526,
      "fp": 1102,
      "fn": 1009,
      "f1": 0.5911291884563238,
      "precision": 0.5806697108066972,
      "recall": 0.6019723865877712,
      "support": 2535
    },
    "B-QUA": {
      "tp": 355,
      "fp": 330,
      "fn": 142,
      "f1": 0.6006768189509307,
      "precision": 0.5182481751824818,
      "recall": 0.7142857142857143,
      "support": 497
    },
    "B-MET": {
      "tp": 1084,
      "fp": 384,
      "fn": 323,
      "f1": 0.7540869565217392,
      "precision": 0.7384196185286104,
      "recall": 0.7704335465529495,
      "support": 1407
    },
    "I-MET": {
      "tp": 3037,
      "fp": 1209,
      "fn": 1055,
      "f1": 0.7284720556488368,
      "precision": 0.7152614225153086,
      "recall": 0.7421798631476051,
      "support": 4092
    },
    "B-CMP": {
      "tp": 830,
      "fp": 212,
      "fn": 160,
      "f1": 0.8169291338582677,
      "precision": 0.7965451055662188,
      "recall": 0.8383838383838383,
      "support": 990
    },
    "I-CMP": {
      "tp": 5,
      "fp": 56,
      "fn": 33,
      "f1": 0.101010101010101,
      "precision": 0.08196721311475409,
      "recall": 0.13157894736842105,
      "support": 38
    },
    "I-INST": {
      "tp": 841,
      "fp": 749,
      "fn": 180,
      "f1": 0.6441976254308693,
      "precision": 0.5289308176100629,
      "recall": 0.8237022526934378,
      "support": 1021
    },
    "B-SOC": {
      "tp": 414,
      "fp": 388,
      "fn": 346,
      "f1": 0.5300896286811779,
      "precision": 0.516209476309227,
      "recall": 0.5447368421052632,
      "support": 760
    },
    "I-SOC": {
      "tp": 574,
      "fp": 541,
      "fn": 660,
      "f1": 0.48871860366113234,
      "precision": 0.5147982062780269,
      "recall": 0.4651539708265802,
      "support": 1234
    },
    "I-BIN": {
      "tp": 43,
      "fp": 29,
      "fn": 71,
      "f1": 0.4623655913978495,
      "precision": 0.5972222222222222,
      "recall": 0.37719298245614036,
      "support": 114
    },
    "I-QUA": {
      "tp": 13,
      "fp": 24,
      "fn": 81,
      "f1": 0.19847328244274812,
      "precision": 0.35135135135135137,
      "recall": 0.13829787234042554,
      "support": 94
    }
  }
}