{
  "ner": {
    "entity_level": {
      "micro": {
        "tp": 5115,
        "fp": 4805,
        "fn": 3342,
        "f1": 0.5566741034989389,
        "precision": 0.515625,
        "recall": 0.6048244058176658,
        "support": 8457
      },
      "SOC": {
        "tp": 351,
        "fp": 510,
        "fn": 409,
        "f1": 0.4330660086366441,
        "precision": 0.4076655052264808,
        "recall": 0.4618421052631579,
        "support": 760
      },
      "INST": {
        "tp": 251,
        "fp": 354,
        "fn": 140,
        "f1": 0.5040160642570282,
        "precision": 0.41487603305785126,
        "recall": 0.6419437340153452,
        "support": 391
      },
      "ECO": {
        "tp": 1023,
        "fp": 890,
        "fn": 986,
        "f1": 0.5216726160122386,
        "precision": 0.534762153685311,
        "recall": 0.5092085614733698,
        "support": 2009
      },
      "MET": {
        "tp": 750,
        "fp": 616,
        "fn": 657,
        "f1": 0.5409304002884963,
        "precision": 0.5490483162518301,
        "recall": 0.5330490405117271,
        "support": 1407
      },
      "QUA": {
        "tp": 330,
        "fp": 387,
        "fn": 167,
        "f1": 0.543657331136738,
        "precision": 0.4602510460251046,
        "recall": 0.6639839034205232,
        "support": 497
      },
      "BIN": {
        "tp": 1340,
        "fp": 1237,
        "fn": 389,
        "f1": 0.6223873664653972,
        "precision": 0.5199844780752814,
        "recall": 0.7750144592249856,
        "support": 1729
      },
      "CMP": {
        "tp": 779,
        "fp": 186,
        "fn": 211,
        "f1": 0.79693094629156,
        "precision": 0.8072538860103627,
        "recall": 0.7868686868686868,
        "support": 990
      },
      "ACT": {
        "tp": 291,
        "fp": 625,
        "fn": 383,
        "f1": 0.3660377358490566,
        "precision": 0.31768558951965065,
        "recall": 0.4317507418397626,
        "support": 674
      }
    },
    "token_level": {
      "micro": {
        "tp": 13515,
        "fp": 8629,
        "fn": 7983,
        "f1": 0.6193574996562944,
        "precision": 0.610323338150289,
        "recall": 0.6286631314540887,
        "support": 21498
      },
      "B-INST": {
        "tp": 302,
        "fp": 303,
        "fn": 89,
        "f1": 0.606425702811245,
        "precision": 0.4991735537190083,
        "recall": 0.7723785166240409,
        "support": 391
      },
      "B-ECO": {
        "tp": 1201,
        "fp": 712,
        "fn": 808,
        "f1": 0.6124426313105559,
        "precision": 0.6278097229482488,
        "recall": 0.5978098556495769,
        "support": 2009
      },
      "I-ECO": {
        "tp": 2040,
        "fp": 972,
        "fn": 1873,
        "f1": 0.5891696750902526,
        "precision": 0.6772908366533864,
        "recall": 0.5213391259902888,
        "support": 3913
      },
      "B-BIN": {
        "tp": 1365,
        "fp": 1212,
        "fn": 364,
        "f1": 0.6339990710636322,
        "precision": 0.529685681024447,
        "recall": 0.7894736842105263,
        "support": 1729
      },
      "B-ACT": {
        "tp": 404,
        "fp": 512,
        "fn": 270,
        "f1": 0.5081761006289308,
        "precision": 0.4410480349344978,
        "recall": 0.599406528189911,
        "support": 674
      },
      "I-ACT": {
        "tp": 1534,
        "fp": 1339,
        "fn": 1001,
        "f1": 0.5673076923076923,
        "precision": 0.5339366515837104,
        "recall": 0.6051282051282051,
        "support": 2535
      },
      "B-QUA": {
        "tp": 345,
        "fp": 372,
        "fn": 152,
        "f1": 0.5683690280065897,
        "precision": 0.4811715481171548,
        "recall": 0.6941649899396378,
        "support": 497
      },
      "B-MET": {
        "tp": 1018,
        "fp": 348,
        "fn": 389,
        "f1": 0.7342228633249189,
        "precision": 0.7452415812591509,
        "recall": 0.7235252309879175,
        "support": 1407
      },
      "I-MET": {
        "tp": 2630,
        "fp": 819,
        "fn": 1462,
        "f1": 0.6975202227821242,
        "precision": 0.7625398666280081,
        "recall": 0.6427174975562072,
        "support": 4092
      },
      "B-CMP": {
        "tp": 795,
        "fp": 170,
        "fn": 195,
        "f1": 0.8132992327365729,
        "precision": 0.8238341968911918,
        "recall": 0.803030303030303,
        "support": 990
      },
      "I-INST": {
        "tp": 843,
        "fp": 772,
        "fn": 178,
        "f1": 0.6396054628224582,
        "precision": 0.5219814241486068,
        "recall": 0.8256611165523996,
        "support": 1021
      },
      "I-CMP": {
        "tp": 6,
        "fp": 60,
        "fn": 32,
        "f1": 0.11538461538461539,
        "precision": 0.09090909090909091,
        "recall": 0.15789473684210525,
        "support": 38
      },
      "B-SOC": {
        "tp": 423,
        "fp": 438,
        "fn": 337,
        "f1": 0.5219000616903147,
        "precision": 0.4912891986062718,
        "recall": 0.5565789473684211,
        "support": 760
      },
      "I-SOC": {
        "tp": 557,
        "fp": 529,
        "fn": 677,
        "f1": 0.48017241379310344,
        "precision": 0.5128913443830571,
        "recall": 0.4513776337115073,
        "support": 1234
      },
      "I-BIN": {
        "tp": 38,
        "fp": 39,
        "fn": 76,
        "f1": 0.39790575916230364,
        "precision": 0.4935064935064935,
        "recall": 0.3333333333333333,
        "support": 114
      },
      "I-QUA": {
        "tp": 14,
        "fp": 32,
        "fn": 80,
        "f1": 0.19999999999999998,
        "precision": 0.30434782608695654,
        "recall": 0.14893617021276595,
        "support": 94
      }
    }
  },
  "e2e": {
    "f1": 0.17138707334785766,
    "precision": 0.16913521261347347,
    "recall": 0.17369970559371933,
    "support": 2038
  }
}