{
  "micro": {
    "tp": 861,
    "fp": 1169,
    "fn": 1177,
    "f1": 0.4233038348082596,
    "precision": 0.4241379310344828,
    "recall": 0.4224730127576055,
    "support": 2038
  },
  "FPS": {
    "tp": 79,
    "fp": 125,
    "fn": 263,
    "f1": 0.2893772893772894,
    "precision": 0.3872549019607843,
    "recall": 0.2309941520467836,
    "support": 342
  },
  "PPS": {
    "tp": 61,
    "fp": 74,
    "fn": 101,
    "f1": 0.41077441077441074,
    "precision": 0.45185185185185184,
    "recall": 0.3765432098765432,
    "support": 162
  },
  "NPS": {
    "tp": 27,
    "fp": 44,
    "fn": 107,
    "f1": 0.2634146341463415,
    "precision": 0.38028169014084506,
    "recall": 0.20149253731343283,
    "support": 134
  },
  "PNT": {
    "tp": 8,
    "fp": 28,
    "fn": 28,
    "f1": 0.2222222222222222,
    "precision": 0.2222222222222222,
    "recall": 0.2222222222222222,
    "support": 36
  },
  "PNG": {
    "tp": 30,
    "fp": 36,
    "fn": 28,
    "f1": 0.4838709677419355,
    "precision": 0.45454545454545453,
    "recall": 0.5172413793103449,
    "support": 58
  },
  "NNG": {
    "tp": 72,
    "fp": 76,
    "fn": 139,
    "f1": 0.4011142061281337,
    "precision": 0.4864864864864865,
    "recall": 0.3412322274881517,
    "support": 211
  },
  "FNG": {
    "tp": 21,
    "fp": 80,
    "fn": 48,
    "f1": 0.24705882352941178,
    "precision": 0.2079207920792079,
    "recall": 0.30434782608695654,
    "support": 69
  },
  "TSK": {
    "tp": 289,
    "fp": 268,
    "fn": 273,
    "f1": 0.516532618409294,
    "precision": 0.518850987432675,
    "recall": 0.5142348754448398,
    "support": 562
  },
  "GOL": {
    "tp": 250,
    "fp": 377,
    "fn": 113,
    "f1": 0.5050505050505051,
    "precision": 0.39872408293460926,
    "recall": 0.6887052341597796,
    "support": 363
  },
  "FNT": {
    "tp": 11,
    "fp": 21,
    "fn": 21,
    "f1": 0.34375,
    "precision": 0.34375,
    "recall": 0.34375,
    "support": 32
  },
  "NNT": {
    "tp": 13,
    "fp": 40,
    "fn": 56,
    "f1": 0.21311475409836067,
    "precision": 0.24528301886792453,
    "recall": 0.18840579710144928,
    "support": 69
  }
}