{
  "entity_level": {
    "micro": {
      "tp": 3510,
      "fp": 542,
      "fn": 536,
      "f1": 0.8668807112867376,
      "precision": 0.866238894373149,
      "recall": 0.8675234799802274,
      "support": 4046
    },
    "GPE": {
      "tp": 73,
      "fp": 22,
      "fn": 10,
      "f1": 0.8202247191011235,
      "precision": 0.7684210526315789,
      "recall": 0.8795180722891566,
      "support": 83
    },
    "CARDINAL": {
      "tp": 72,
      "fp": 37,
      "fn": 42,
      "f1": 0.6457399103139013,
      "precision": 0.6605504587155964,
      "recall": 0.631578947368421,
      "support": 114
    },
    "MONEY": {
      "tp": 141,
      "fp": 41,
      "fn": 35,
      "f1": 0.7877094972067039,
      "precision": 0.7747252747252747,
      "recall": 0.8011363636363636,
      "support": 176
    },
    "ORDINAL": {
      "tp": 23,
      "fp": 6,
      "fn": 7,
      "f1": 0.7796610169491527,
      "precision": 0.7931034482758621,
      "recall": 0.7666666666666667,
      "support": 30
    },
    "PERSON": {
      "tp": 337,
      "fp": 3,
      "fn": 2,
      "f1": 0.9926362297496317,
      "precision": 0.9911764705882353,
      "recall": 0.9941002949852508,
      "support": 339
    },
    "LAW": {
      "tp": 4,
      "fp": 1,
      "fn": 1,
      "f1": 0.8000000000000002,
      "precision": 0.8,
      "recall": 0.8,
      "support": 5
    },
    "DATE": {
      "tp": 404,
      "fp": 94,
      "fn": 93,
      "f1": 0.8120603015075377,
      "precision": 0.8112449799196787,
      "recall": 0.8128772635814889,
      "support": 497
    },
    "PROFESSION": {
      "tp": 225,
      "fp": 29,
      "fn": 40,
      "f1": 0.8670520231213872,
      "precision": 0.8858267716535433,
      "recall": 0.8490566037735849,
      "support": 265
    },
    "PRODUCT": {
      "tp": 15,
      "fp": 1,
      "fn": 24,
      "f1": 0.5454545454545454,
      "precision": 0.9375,
      "recall": 0.38461538461538464,
      "support": 39
    },
    "CITY": {
      "tp": 37,
      "fp": 14,
      "fn": 10,
      "f1": 0.7551020408163265,
      "precision": 0.7254901960784313,
      "recall": 0.7872340425531915,
      "support": 47
    },
    "ORGANIZATION": {
      "tp": 980,
      "fp": 117,
      "fn": 81,
      "f1": 0.9082483781278963,
      "precision": 0.8933454876937101,
      "recall": 0.9236569274269557,
      "support": 1061
    },
    "EVENT": {
      "tp": 16,
      "fp": 26,
      "fn": 17,
      "f1": 0.4266666666666667,
      "precision": 0.38095238095238093,
      "recall": 0.48484848484848486,
      "support": 33
    },
    "COUNTRY": {
      "tp": 850,
      "fp": 46,
      "fn": 7,
      "f1": 0.9697661152310325,
      "precision": 0.9486607142857143,
      "recall": 0.9918319719953326,
      "support": 857
    },
    "QUANTITY": {
      "tp": 63,
      "fp": 22,
      "fn": 27,
      "f1": 0.72,
      "precision": 0.7411764705882353,
      "recall": 0.7,
      "support": 90
    },
    "FAC": {
      "tp": 61,
      "fp": 20,
      "fn": 32,
      "f1": 0.7011494252873562,
      "precision": 0.7530864197530864,
      "recall": 0.6559139784946236,
      "support": 93
    },
    "GROUP": {
      "tp": 4,
      "fp": 5,
      "fn": 33,
      "f1": 0.17391304347826086,
      "precision": 0.4444444444444444,
      "recall": 0.10810810810810811,
      "support": 37
    },
    "PERCENT": {
      "tp": 109,
      "fp": 28,
      "fn": 17,
      "f1": 0.8288973384030419,
      "precision": 0.7956204379562044,
      "recall": 0.8650793650793651,
      "support": 126
    },
    "NORP": {
      "tp": 7,
      "fp": 6,
      "fn": 15,
      "f1": 0.39999999999999997,
      "precision": 0.5384615384615384,
      "recall": 0.3181818181818182,
      "support": 22
    },
    "FAMILY": {
      "tp": 0,
      "fp": 0,
      "fn": 2,
      "f1": 0.0,
      "precision": 0.0,
      "recall": 0.0,
      "support": 2
    },
    "CURRENCY": {
      "tp": 32,
      "fp": 14,
      "fn": 13,
      "f1": 0.7032967032967032,
      "precision": 0.6956521739130435,
      "recall": 0.7111111111111111,
      "support": 45
    },
    "LOCATION": {
      "tp": 12,
      "fp": 6,
      "fn": 8,
      "f1": 0.631578947368421,
      "precision": 0.6666666666666666,
      "recall": 0.6,
      "support": 20
    },
    "REGION": {
      "tp": 42,
      "fp": 3,
      "fn": 11,
      "f1": 0.8571428571428572,
      "precision": 0.9333333333333333,
      "recall": 0.7924528301886793,
      "support": 53
    },
    "TIME": {
      "tp": 3,
      "fp": 1,
      "fn": 1,
      "f1": 0.75,
      "precision": 0.75,
      "recall": 0.75,
      "support": 4
    },
    "RELIGION": {
      "tp": 0,
      "fp": 0,
      "fn": 1,
      "f1": 0.0,
      "precision": 0.0,
      "recall": 0.0,
      "support": 1
    },
    "BOROUGH": {
      "tp": 0,
      "fp": 0,
      "fn": 1,
      "f1": 0.0,
      "precision": 0.0,
      "recall": 0.0,
      "support": 1
    },
    "NATIONALITY": {
      "tp": 0,
      "fp": 0,
      "fn": 5,
      "f1": 0.0,
      "precision": 0.0,
      "recall": 0.0,
      "support": 5
    },
    "STREET": {
      "tp": 0,
      "fp": 0,
      "fn": 1,
      "f1": 0.0,
      "precision": 0.0,
      "recall": 0.0,
      "support": 1
    }
  },
  "token_level": {
    "micro": {
      "tp": 6591,
      "fp": 732,
      "fn": 812,
      "f1": 0.895151432839875,
      "precision": 0.9000409668168783,
      "recall": 0.8903147372686748,
      "support": 7403
    },
    "B-PERSON": {
      "tp": 337,
      "fp": 3,
      "fn": 2,
      "f1": 0.9926362297496317,
      "precision": 0.9911764705882353,
      "recall": 0.9941002949852508,
      "support": 339
    },
    "I-PERSON": {
      "tp": 226,
      "fp": 0,
      "fn": 0,
      "f1": 1.0,
      "precision": 1.0,
      "recall": 1.0,
      "support": 226
    },
    "B-PROFESSION": {
      "tp": 237,
      "fp": 17,
      "fn": 28,
      "f1": 0.9132947976878613,
      "precision": 0.9330708661417323,
      "recall": 0.8943396226415095,
      "support": 265
    },
    "B-ORGANIZATION": {
      "tp": 1002,
      "fp": 95,
      "fn": 59,
      "f1": 0.9286376274328082,
      "precision": 0.9134001823154057,
      "recall": 0.944392082940622,
      "support": 1061
    },
    "I-ORGANIZATION": {
      "tp": 559,
      "fp": 45,
      "fn": 67,
      "f1": 0.9089430894308943,
      "precision": 0.9254966887417219,
      "recall": 0.8929712460063898,
      "support": 626
    },
    "I-PROFESSION": {
      "tp": 147,
      "fp": 10,
      "fn": 18,
      "f1": 0.9130434782608695,
      "precision": 0.9363057324840764,
      "recall": 0.8909090909090909,
      "support": 165
    },
    "B-DATE": {
      "tp": 407,
      "fp": 91,
      "fn": 90,
      "f1": 0.8180904522613066,
      "precision": 0.8172690763052208,
      "recall": 0.8189134808853119,
      "support": 497
    },
    "I-DATE": {
      "tp": 939,
      "fp": 92,
      "fn": 41,
      "f1": 0.9338637493784188,
      "precision": 0.9107662463627546,
      "recall": 0.9581632653061225,
      "support": 980
    },
    "B-EVENT": {
      "tp": 22,
      "fp": 20,
      "fn": 11,
      "f1": 0.5866666666666667,
      "precision": 0.5238095238095238,
      "recall": 0.6666666666666666,
      "support": 33
    },
    "B-COUNTRY": {
      "tp": 852,
      "fp": 44,
      "fn": 5,
      "f1": 0.9720479178551056,
      "precision": 0.9508928571428571,
      "recall": 0.9941656942823804,
      "support": 857
    },
    "I-COUNTRY": {
      "tp": 16,
      "fp": 4,
      "fn": 1,
      "f1": 0.8648648648648648,
      "precision": 0.8,
      "recall": 0.9411764705882353,
      "support": 17
    },
    "B-QUANTITY": {
      "tp": 73,
      "fp": 12,
      "fn": 17,
      "f1": 0.8342857142857144,
      "precision": 0.8588235294117647,
      "recall": 0.8111111111111111,
      "support": 90
    },
    "I-QUANTITY": {
      "tp": 207,
      "fp": 7,
      "fn": 47,
      "f1": 0.8846153846153846,
      "precision": 0.9672897196261683,
      "recall": 0.8149606299212598,