{
  "entity_level": {
    "micro": {
      "tp": 5256,
      "fp": 198,
      "fn": 234,
      "f1": 0.9605263157894738,
      "precision": 0.9636963696369637,
      "recall": 0.9573770491803278,
      "support": 5490
    },
    "MEDIA": {
      "tp": 283,
      "fp": 21,
      "fn": 38,
      "f1": 0.9056000000000001,
      "precision": 0.930921052631579,
      "recall": 0.881619937694704,
      "support": 321
    },
    "GEOPOLIT": {
      "tp": 816,
      "fp": 23,
      "fn": 18,
      "f1": 0.9754931261207412,
      "precision": 0.9725864123957092,
      "recall": 0.9784172661870504,
      "support": 834
    },
    "PER": {
      "tp": 2121,
      "fp": 8,
      "fn": 12,
      "f1": 0.99530736743313,
      "precision": 0.9962423673085956,
      "recall": 0.9943741209563994,
      "support": 2133
    },
    "LOC": {
      "tp": 664,
      "fp": 30,
      "fn": 32,
      "f1": 0.9553956834532373,
      "precision": 0.9567723342939481,
      "recall": 0.9540229885057471,
      "support": 696
    },
    "ORG": {
      "tp": 1372,
      "fp": 116,
      "fn": 134,
      "f1": 0.916499665998664,
      "precision": 0.9220430107526881,
      "recall": 0.9110225763612217,
      "support": 1506
    }
  },
  "token_level": {
    "micro": {
      "tp": 9526,
      "fp": 376,
      "fn": 414,
      "f1": 0.9601854651748816,
      "precision": 0.9620278731569379,
      "recall": 0.9583501006036217,
      "support": 9940
    },
    "B-GEOPOLIT": {
      "tp": 816,
      "fp": 23,
      "fn": 18,
      "f1": 0.9754931261207412,
      "precision": 0.9725864123957092,
      "recall": 0.9784172661870504,
      "support": 834
    },
    "B-LOC": {
      "tp": 667,
      "fp": 27,
      "fn": 29,
      "f1": 0.9597122302158273,
      "precision": 0.9610951008645533,
      "recall": 0.9583333333333334,
      "support": 696
    },
    "B-MEDIA": {
      "tp": 289,
      "fp": 15,
      "fn": 32,
      "f1": 0.9248000000000001,
      "precision": 0.9506578947368421,
      "recall": 0.9003115264797508,
      "support": 321
    },
    "I-MEDIA": {
      "tp": 212,
      "fp": 24,
      "fn": 34,
      "f1": 0.8796680497925312,
      "precision": 0.8983050847457628,
      "recall": 0.8617886178861789,
      "support": 246
    },
    "B-PER": {
      "tp": 2124,
      "fp": 5,
      "fn": 9,
      "f1": 0.9967151572031911,
      "precision": 0.9976514795678723,
      "recall": 0.9957805907172996,
      "support": 2133
    },
    "I-PER": {
      "tp": 2145,
      "fp": 3,
      "fn": 4,
      "f1": 0.9983709564812661,
      "precision": 0.9986033519553073,
      "recall": 0.9981386691484412,
      "support": 2149
    },
    "I-GEOPOLIT": {
      "tp": 38,
      "fp": 5,
      "fn": 2,
      "f1": 0.9156626506024096,
      "precision": 0.8837209302325582,
      "recall": 0.95,
      "support": 40
    },
    "B-ORG": {
      "tp": 1414,
      "fp": 74,
      "fn": 92,
      "f1": 0.944555778223113,
      "precision": 0.9502688172043011,
      "recall": 0.9389110225763613,
      "support": 1506
    },
    "I-ORG": {
      "tp": 1414,
      "fp": 173,
      "fn": 186,
      "f1": 0.8873548791967368,
      "precision": 0.8909892879647133,
      "recall": 0.88375,
      "support": 1600
    },
    "I-LOC": {
      "tp": 407,
      "fp": 27,
      "fn": 8,
      "f1": 0.9587750294464076,
      "precision": 0.9377880184331797,
      "recall": 0.980722891566265,
      "support": 415
    }
  }
}