{
  "entity_level": {
    "micro": {
      "tp": 5287,
      "fp": 190,
      "fn": 203,
      "f1": 0.9641652229415518,
      "precision": 0.9653094759905058,
      "recall": 0.9630236794171221,
      "support": 5490
    },
    "LOC": {
      "tp": 664,
      "fp": 32,
      "fn": 32,
      "f1": 0.9540229885057472,
      "precision": 0.9540229885057471,
      "recall": 0.9540229885057471,
      "support": 696
    },
    "GEOPOLIT": {
      "tp": 817,
      "fp": 26,
      "fn": 17,
      "f1": 0.9743589743589743,
      "precision": 0.9691577698695136,
      "recall": 0.9796163069544365,
      "support": 834
    },
    "ORG": {
      "tp": 1386,
      "fp": 105,
      "fn": 120,
      "f1": 0.9249249249249248,
      "precision": 0.9295774647887324,
      "recall": 0.9203187250996016,
      "support": 1506
    },
    "MEDIA": {
      "tp": 296,
      "fp": 21,
      "fn": 25,
      "f1": 0.927899686520376,
      "precision": 0.9337539432176656,
      "recall": 0.9221183800623053,
      "support": 321
    },
    "PER": {
      "tp": 2124,
      "fp": 6,
      "fn": 9,
      "f1": 0.9964813511611541,
      "precision": 0.9971830985915493,
      "recall": 0.9957805907172996,
      "support": 2133
    }
  },
  "token_level": {
    "micro": {
      "tp": 9608,
      "fp": 290,
      "fn": 332,
      "f1": 0.9686460328662163,
      "precision": 0.9707011517478279,
      "recall": 0.9665995975855131,
      "support": 9940
    },
    "B-GEOPOLIT": {
      "tp": 817,
      "fp": 26,
      "fn": 17,
      "f1": 0.9743589743589743,
      "precision": 0.9691577698695136,
      "recall": 0.9796163069544365,
      "support": 834
    },
    "B-LOC": {
      "tp": 669,
      "fp": 27,
      "fn": 27,
      "f1": 0.9612068965517241,
      "precision": 0.9612068965517241,
      "recall": 0.9612068965517241,
      "support": 696
    },
    "B-MEDIA": {
      "tp": 300,
      "fp": 17,
      "fn": 21,
      "f1": 0.9404388714733543,
      "precision": 0.9463722397476341,
      "recall": 0.9345794392523364,
      "support": 321
    },
    "I-MEDIA": {
      "tp": 216,
      "fp": 9,
      "fn": 30,
      "f1": 0.9171974522292994,
      "precision": 0.96,
      "recall": 0.8780487804878049,
      "support": 246
    },
    "B-PER": {
      "tp": 2127,
      "fp": 3,
      "fn": 6,
      "f1": 0.9978888106966924,
      "precision": 0.9985915492957746,
      "recall": 0.9971870604781997,
      "support": 2133
    },
    "I-PER": {
      "tp": 2146,
      "fp": 1,
      "fn": 3,
      "f1": 0.9990689013035382,
      "precision": 0.999534233814625,
      "recall": 0.9986040018613308,
      "support": 2149
    },
    "I-GEOPOLIT": {
      "tp": 37,
      "fp": 5,
      "fn": 3,
      "f1": 0.9024390243902439,
      "precision": 0.8809523809523809,
      "recall": 0.925,
      "support": 40
    },
    "B-ORG": {
      "tp": 1431,
      "fp": 60,
      "fn": 75,
      "f1": 0.954954954954955,
      "precision": 0.959758551307847,
      "recall": 0.950199203187251,
      "support": 1506
    },
    "I-ORG": {
      "tp": 1457,
      "fp": 128,
      "fn": 143,
      "f1": 0.9149136577708006,
      "precision": 0.9192429022082019,
      "recall": 0.910625,
      "support": 1600
    },
    "I-LOC": {
      "tp": 408,
      "fp": 14,
      "fn": 7,
      "f1": 0.9749103942652331,
      "precision": 0.966824644549763,
      "recall": 0.983132530120482,
      "support": 415
    }
  }
}