{"muc": {"recall": 0.713, "precision": 0.89, "f1": 0.7917000000000001}, "bcub": {"recall": 0.5479, "precision": 0.8552, "f1": 0.6679}, "ceafm": {"recall": 0.5920000000000001, "precision": 0.5920000000000001, "f1": 0.5920000000000001}, "ceafe": {"recall": 0.7787000000000001, "precision": 0.4498, "f1": 0.5702}, "blanc": {"recall": 0.6378, "precision": 0.8277, "f1": 0.6822}, "score": 0.6554500000000001}