{
  "las": 0.9434919016776666,
  "uas": 0.9562611500232887,
  "support": 113789
}