{
  "las": 0.9276323985496319,
  "uas": 0.9513746369161973,
  "support": 152513
}